-- phpMyAdmin SQL Dump
-- version 5.2.1
-- https://www.phpmyadmin.net/
--
-- Host: 127.0.0.1
-- Generation Time: May 22, 2023 at 06:36 PM
-- Server version: 10.4.28-MariaDB
-- PHP Version: 8.2.4

SET SQL_MODE = "NO_AUTO_VALUE_ON_ZERO";
START TRANSACTION;
SET time_zone = "+00:00";


/*!40101 SET @OLD_CHARACTER_SET_CLIENT=@@CHARACTER_SET_CLIENT */;
/*!40101 SET @OLD_CHARACTER_SET_RESULTS=@@CHARACTER_SET_RESULTS */;
/*!40101 SET @OLD_COLLATION_CONNECTION=@@COLLATION_CONNECTION */;
/*!40101 SET NAMES utf8mb4 */;

--
-- Database: `pms_db`
--

-- --------------------------------------------------------

--
-- Table structure for table `bill_details`
--

CREATE TABLE `bill_details` (
  `id` int(11) NOT NULL,
  `Date` date NOT NULL DEFAULT current_timestamp(),
  `Patient_id` varchar(15) NOT NULL,
  `Name` varchar(30) NOT NULL,
  `Age` varchar(3) NOT NULL,
  `Gender` varchar(7) NOT NULL,
  `Date_of_Admission` date NOT NULL DEFAULT current_timestamp(),
  `Room_Charges` varchar(7) NOT NULL,
  `Doctor_Fees` varchar(7) NOT NULL,
  `Pathology_fees` varchar(7) NOT NULL,
  `Miscellaneous` varchar(7) NOT NULL,
  `Total_Amount` varchar(8) NOT NULL
) ENGINE=InnoDB DEFAULT CHARSET=utf8mb4 COLLATE=utf8mb4_general_ci;

--
-- Dumping data for table `bill_details`
--

INSERT INTO `bill_details` (`id`, `Date`, `Patient_id`, `Name`, `Age`, `Gender`, `Date_of_Admission`, `Room_Charges`, `Doctor_Fees`, `Pathology_fees`, `Miscellaneous`, `Total_Amount`) VALUES
(1, '2023-05-10', '5', 'mark', '23', 'male', '2023-05-10', '100000', '2000000', '100000', '1000e', '20000000'),
(2, '2023-05-02', '1', 'mike', '23', 'male', '2023-05-22', '100000', '100000', '120000', '23232e', '1000000');

-- --------------------------------------------------------

--
-- Table structure for table `doctor_details`
--

CREATE TABLE `doctor_details` (
  `id` int(30) NOT NULL,
  `Name` varchar(30) NOT NULL,
  `Address` varchar(20) NOT NULL,
  `Phone_Number` varchar(15) NOT NULL,
  `Gender` varchar(7) NOT NULL
) ENGINE=InnoDB DEFAULT CHARSET=utf8mb4 COLLATE=utf8mb4_general_ci;

--
-- Dumping data for table `doctor_details`
--

INSERT INTO `doctor_details` (`id`, `Name`, `Address`, `Phone_Number`, `Gender`) VALUES
(1, 'Dr, makula', 'Nakawa', '0798987609', 'Male'),
(2, 'Dr, makula ben', 'London', '0798987609', 'Female');

-- --------------------------------------------------------

--
-- Table structure for table `medicines`
--

CREATE TABLE `medicines` (
  `id` int(11) NOT NULL,
  `medicine_name` varchar(60) NOT NULL
) ENGINE=InnoDB DEFAULT CHARSET=utf8 COLLATE=utf8_general_ci;

--
-- Dumping data for table `medicines`
--

INSERT INTO `medicines` (`id`, `medicine_name`) VALUES
(1, 'Amoxicillin'),
(4, 'Antibiotic'),
(5, 'Antihistamine'),
(6, 'Atorvastatin'),
(3, 'Losartan'),
(2, 'Mefenamic'),
(7, 'Oxymetazoline');

-- --------------------------------------------------------

--
-- Table structure for table `medicine_details`
--

CREATE TABLE `medicine_details` (
  `id` int(11) NOT NULL,
  `medicine_id` int(11) NOT NULL,
  `packing` varchar(60) NOT NULL
) ENGINE=InnoDB DEFAULT CHARSET=utf8 COLLATE=utf8_general_ci;

--
-- Dumping data for table `medicine_details`
--

INSERT INTO `medicine_details` (`id`, `medicine_id`, `packing`) VALUES
(1, 1, '50'),
(2, 4, '50'),
(3, 5, '50'),
(4, 6, '25'),
(5, 3, '80'),
(6, 2, '100'),
(7, 7, '25');

-- --------------------------------------------------------

--
-- Table structure for table `migrations`
--

CREATE TABLE `migrations` (
  `id` int(10) UNSIGNED NOT NULL,
  `migration` varchar(255) NOT NULL,
  `batch` int(11) NOT NULL
) ENGINE=InnoDB DEFAULT CHARSET=utf8mb4 COLLATE=utf8mb4_unicode_ci;

-- --------------------------------------------------------

--
-- Table structure for table `patients`
--

CREATE TABLE `patients` (
  `id` int(11) NOT NULL,
  `patient_name` varchar(60) NOT NULL,
  `address` varchar(100) NOT NULL,
  `cnic` varchar(17) NOT NULL,
  `date_of_birth` date NOT NULL,
  `phone_number` varchar(12) NOT NULL,
  `gender` varchar(6) NOT NULL,
  `Age` varchar(3) NOT NULL,
  `Date` date NOT NULL DEFAULT current_timestamp(),
  `Room_No` varchar(50) NOT NULL
) ENGINE=InnoDB DEFAULT CHARSET=utf8 COLLATE=utf8_general_ci;

--
-- Dumping data for table `patients`
--

INSERT INTO `patients` (`id`, `patient_name`, `address`, `cnic`, `date_of_birth`, `phone_number`, `gender`, `Age`, `Date`, `Room_No`) VALUES
(1, 'Bwamiki Brian', 'Kubiri', 'cf567765687kj', '1999-06-23', '0770945814', 'Male', '', '2023-05-21', ''),
(2, 'Bwire Emma', 'Nkrumah', 'FM0908008887jk', '2000-05-14', '0780558514', 'Male', '', '2023-05-21', ''),
(3, 'Mike', 'Nakawa', 'ju0909090lk', '2000-05-21', '0798987609', 'Male', '23', '0000-00-00', '2');

-- --------------------------------------------------------

--
-- Table structure for table `patient_medication_history`
--

CREATE TABLE `patient_medication_history` (
  `id` int(11) NOT NULL,
  `patient_visit_id` int(11) NOT NULL,
  `medicine_details_id` int(11) NOT NULL,
  `quantity` tinyint(4) NOT NULL,
  `dosage` varchar(20) NOT NULL
) ENGINE=InnoDB DEFAULT CHARSET=utf8 COLLATE=utf8_general_ci;

--
-- Dumping data for table `patient_medication_history`
--

INSERT INTO `patient_medication_history` (`id`, `patient_visit_id`, `medicine_details_id`, `quantity`, `dosage`) VALUES
(1, 1, 1, 5, '250'),
(2, 1, 6, 2, '500'),
(3, 2, 2, 2, '250'),
(4, 2, 7, 2, '250');

-- --------------------------------------------------------

--
-- Table structure for table `patient_visits`
--

CREATE TABLE `patient_visits` (
  `id` int(11) NOT NULL,
  `visit_date` date NOT NULL,
  `next_visit_date` date DEFAULT NULL,
  `bp` varchar(23) NOT NULL,
  `weight` varchar(12) NOT NULL,
  `disease` varchar(30) NOT NULL,
  `patient_id` int(11) NOT NULL
) ENGINE=InnoDB DEFAULT CHARSET=utf8 COLLATE=utf8_general_ci;

--
-- Dumping data for table `patient_visits`
--

INSERT INTO `patient_visits` (`id`, `visit_date`, `next_visit_date`, `bp`, `weight`, `disease`, `patient_id`) VALUES
(1, '2022-06-28', '2022-06-30', '120/80', '65 kg.', 'Wounded Arm', 1),
(2, '2022-06-30', '2022-07-02', '120/80', '65 kg.', 'Rhinovirus', 1);

-- --------------------------------------------------------

--
-- Table structure for table `room_details`
--

CREATE TABLE `room_details` (
  `id` int(11) NOT NULL,
  `Name` varchar(15) NOT NULL,
  `Room_Type` varchar(20) NOT NULL
) ENGINE=InnoDB DEFAULT CHARSET=utf8mb4 COLLATE=utf8mb4_general_ci;

--
-- Dumping data for table `room_details`
--

INSERT INTO `room_details` (`id`, `Name`, `Room_Type`) VALUES
(1, 'B!', 'General'),
(2, 'B3', 'General');

-- --------------------------------------------------------

--
-- Table structure for table `users`
--

CREATE TABLE `users` (
  `id` int(11) NOT NULL,
  `display_name` varchar(30) NOT NULL,
  `user_name` varchar(30) NOT NULL,
  `password` varchar(100) NOT NULL,
  `profile_picture` varchar(40) NOT NULL
) ENGINE=InnoDB DEFAULT CHARSET=utf8mb4 COLLATE=utf8mb4_general_ci;

--
-- Dumping data for table `users`
--

INSERT INTO `users` (`id`, `display_name`, `user_name`, `password`, `profile_picture`) VALUES
(1, 'Administrator', 'admin', '0192023a7bbd73250516f069df18b500', '1656551981avatar.png '),
(2, 'John Doe', 'jdoe', '9c86d448e84d4ba23eb089e0b5160207', '1656551999avatar_.png');

--
-- Indexes for dumped tables
--

--
-- Indexes for table `bill_details`
--
ALTER TABLE `bill_details`
  ADD PRIMARY KEY (`id`);

--
-- Indexes for table `doctor_details`
--
ALTER TABLE `doctor_details`
  ADD PRIMARY KEY (`id`);

--
-- Indexes for table `medicines`
--
ALTER TABLE `medicines`
  ADD PRIMARY KEY (`id`),
  ADD UNIQUE KEY `medicine_name` (`medicine_name`);

--
-- Indexes for table `medicine_details`
--
ALTER TABLE `medicine_details`
  ADD PRIMARY KEY (`id`),
  ADD KEY `fk_medicine_details_medicine_id` (`medicine_id`);

--
-- Indexes for table `migrations`
--
ALTER TABLE `migrations`
  ADD PRIMARY KEY (`id`);

--
-- Indexes for table `patients`
--
ALTER TABLE `patients`
  ADD PRIMARY KEY (`id`);

--
-- Indexes for table `patient_medication_history`
--
ALTER TABLE `patient_medication_history`
  ADD PRIMARY KEY (`id`),
  ADD KEY `fk_patient_medication_history_patients_visits_id` (`patient_visit_id`),
  ADD KEY `fk_patient_medication_history_medicine_details_id` (`medicine_details_id`);

--
-- Indexes for table `patient_visits`
--
ALTER TABLE `patient_visits`
  ADD PRIMARY KEY (`id`),
  ADD KEY `fk_patients_visit_patient_id` (`patient_id`);

--
-- Indexes for table `room_details`
--
ALTER TABLE `room_details`
  ADD PRIMARY KEY (`id`);

--
-- Indexes for table `users`
--
ALTER TABLE `users`
  ADD PRIMARY KEY (`id`),
  ADD UNIQUE KEY `user_name` (`user_name`);

--
-- AUTO_INCREMENT for dumped tables
--

--
-- AUTO_INCREMENT for table `bill_details`
--
ALTER TABLE `bill_details`
  MODIFY `id` int(11) NOT NULL AUTO_INCREMENT, AUTO_INCREMENT=3;

--
-- AUTO_INCREMENT for table `doctor_details`
--
ALTER TABLE `doctor_details`
  MODIFY `id` int(30) NOT NULL AUTO_INCREMENT, AUTO_INCREMENT=3;

--
-- AUTO_INCREMENT for table `medicines`
--
ALTER TABLE `medicines`
  MODIFY `id` int(11) NOT NULL AUTO_INCREMENT, AUTO_INCREMENT=8;

--
-- AUTO_INCREMENT for table `medicine_details`
--
ALTER TABLE `medicine_details`
  MODIFY `id` int(11) NOT NULL AUTO_INCREMENT, AUTO_INCREMENT=8;

--
-- AUTO_INCREMENT for table `migrations`
--
ALTER TABLE `migrations`
  MODIFY `id` int(10) UNSIGNED NOT NULL AUTO_INCREMENT;

--
-- AUTO_INCREMENT for table `patients`
--
ALTER TABLE `patients`
  MODIFY `id` int(11) NOT NULL AUTO_INCREMENT, AUTO_INCREMENT=4;

--
-- AUTO_INCREMENT for table `patient_medication_history`
--
ALTER TABLE `patient_medication_history`
  MODIFY `id` int(11) NOT NULL AUTO_INCREMENT, AUTO_INCREMENT=5;

--
-- AUTO_INCREMENT for table `patient_visits`
--
ALTER TABLE `patient_visits`
  MODIFY `id` int(11) NOT NULL AUTO_INCREMENT, AUTO_INCREMENT=3;

--
-- AUTO_INCREMENT for table `room_details`
--
ALTER TABLE `room_details`
  MODIFY `id` int(11) NOT NULL AUTO_INCREMENT, AUTO_INCREMENT=3;

--
-- AUTO_INCREMENT for table `users`
--
ALTER TABLE `users`
  MODIFY `id` int(11) NOT NULL AUTO_INCREMENT, AUTO_INCREMENT=3;

--
-- Constraints for dumped tables
--

--
-- Constraints for table `medicine_details`
--
ALTER TABLE `medicine_details`
  ADD CONSTRAINT `fk_medicine_details_medicine_id` FOREIGN KEY (`medicine_id`) REFERENCES `medicines` (`id`);

--
-- Constraints for table `patient_medication_history`
--
ALTER TABLE `patient_medication_history`
  ADD CONSTRAINT `fk_patient_medication_history_medicine_details_id` FOREIGN KEY (`medicine_details_id`) REFERENCES `medicine_details` (`id`),
  ADD CONSTRAINT `fk_patient_medication_history_patients_visits_id` FOREIGN KEY (`patient_visit_id`) REFERENCES `patient_visits` (`id`);

--
-- Constraints for table `patient_visits`
--
ALTER TABLE `patient_visits`
  ADD CONSTRAINT `fk_patients_visit_patient_id` FOREIGN KEY (`patient_id`) REFERENCES `patients` (`id`);
COMMIT;

/*!40101 SET CHARACTER_SET_CLIENT=@OLD_CHARACTER_SET_CLIENT */;
/*!40101 SET CHARACTER_SET_RESULTS=@OLD_CHARACTER_SET_RESULTS */;
/*!40101 SET COLLATION_CONNECTION=@OLD_COLLATION_CONNECTION */;
